accenture,accent,future,knight
advertainment,advertising,entertainment,knight
advertecture,advertising,architecture,knight
advertorial,advertising,editorial,knight
aerobatics,aerial,acrobatics,knight
affluenza,affluence,influenza,knight
altadena,alta,pasadena,knight
amerind,american,indigenous,knight
anacronym,anachronism,acronym,knight
anecdata,anecdote,data,knight
animatrix,animated,matrix,knight
animatronics,animation,electronics,knight
animutation,animation,mutation,knight
arcology,architecture,ecology,knight
aricent,arise,ascent,knight
arkadelphia,arkansas,philadelphia,knight
austerical,austerity,hysterical,knight
automagic,automatic,magic,knight
automagical,automatic,magical,knight
automobilia,automobile,memorabilia,knight
avionics,aviation,electronics,knight
backronym,backwards,acronym,knight
bakerloo,baker,waterloo,knight
banjitar,banjo,guitar,knight
bankster,bank,gangster,knight
banoffee,banana,toffee,knight
bayonetwork,bayonet,network,knight
bedaffle,bedazzle,baffle,knight
beefalo,beef,buffalo,knight
beerage,beer,peerage,knight
bennifer,ben,jennifer,knight
beurgeois,beur,bourgeois,knight
billex,bill,alex,knight
bionicle,bionic,chronicle,knight
bit,binary,digit,knight
blaccent,black,accent,knight
blackanese,black,japanese,knight
blackup,black,backup,knight
blasian,black,asian,knight
blaxican,black,mexican,knight
blaxploitation,black,exploitation,knight
bleen,blue,green,knight
blipster,black,hipster,knight
blorph,blend,morph,knight
bodacious,bold,audacious,knight
bollywood,bombay,hollywood,knight
bootylicious,booty,delicious,knight
boxercise,boxing,exercise,knight
boxster,boxer,roadster,knight
brainiac,brain,maniac,knight
brangelina,brad,angelina,knight
brangus,brahmin,angus,knight
brogrammer,bro,programmer,knight
bromance,bro,romance,knight
brony,bro,pony,knight
brostache,bro,mustache,knight
brouter,bridge,router,knight
brunch,breakfast,lunch,knight
bullycide,bullying,suicide,knight
calexico,california,mexico,knight
californication,california,fornication,knight
cama,camel,llama,knight
cameleopard,camel,leopard,knight
caninja,canine,ninja,knight
caplet,capsule,tablet,knight
carboloy,carbon,alloy,knight
carborundum,carbon,corundum,knight
cassingle,cassette,single,knight
celesbian,celebrity,lesbian,knight
chigorette,chigorin,cigarette,knight
chillax,chill,relax,knight
chinglish,chinese,english,knight
chiwaukee,chicago,milwaukee,knight
chokebreaker,chokeslam,backbreaker,knight
chrismukkah,christmas,hanukkah,knight
chuggers,charity,muggers,knight
chunnel,channel,tunnel,knight
cinedigm,cinema,paradigm,knight
clamato,clam,tomato,knight
clink,click,link,knight
clintwood,clinton,eastwood,knight
clopen,closed,open,knight
cocacolonization,cocacola,colonization,knight
comcastic,comcast,fantastic,knight
coopetition,cooperation,competition,knight
cosplay,costume,play,knight
cramerica,cramer,america,knight
craptacular,crap,spectacular,knight
cremains,cremate,remains,knight
crisitunity,crisis,opportunity,knight
crooklyn,crook,brooklyn,knight
crunk,crazy,drunk,knight
cryptex,cryptology,codex,knight
cyberdelic,cybernetics,psychedelic,knight
cyborg,cybernetic,organism,knight
czenglish,czech,english,knight
dancercise,dance,exercise,knight
danimals,dannon,animals,knight
darkane,dark,arcane,knight
darwine,darwin,wine,knight
deliquid,delicious,liquid,knight
digerati,digital,literati,knight
digipeater,digital,repeater,knight
dilemmachine,dilemma,machine,knight
disgussion,disgust,discussion,knight
disturbia,disturb,suburbia,knight
documercial,documentary,commercial,knight
dramastic,dramatic,drastic,knight
dramedy,drama,comedy,knight
ebonics,ebony,phonics,knight
ecoteur,ecological,saboteur,knight
edexcel,educational,excel,knight
edutainment,education,entertainment,knight
electrocution,electricity,execution,knight
employagility,employability,agility,knight
escalator,escalate,elevator,knight
eurabia,europe,arabia,knight
exercycle,exercise,cycle,knight
faction,fact,fiction,knight
famiclone,famicom,clone,knight
fanon,fan,canon,knight
fantabulous,fantastic,fabulous,knight
fedex,federal,ex,knight
feminazi,feminist,nazi,knight
fergelicious,fergie,delicious,knight
fertigate,fertilize,irrigate,knight
flavorite,flavor,favorite,knight
flexicurity,flexibility,security,knight
flong,flip,pong,knight
florala,florida,alabama,knight
fluidram,fluid,dram,knight
fluidrive,fluid,drive,knight
folksonomy,folk,taxonomy,knight
foon,fork,spoon,knight
forgirl,former,girl,knight
fpoon,frosty,spoon,knight
fracket,fraternity,jacket,knight
franglais,francais,anglais,knight
frappuccino,frappe,cappuccino,knight
fratire,fraternity,satire,knight
fraudience,fraud,audience,knight
freakonomics,freak,economics,knight
frenemy,friend,enemy,knight
froogle,frugal,google,knight
frowlculation,frown,calculation,knight
fruitopia,fruit,utopia,knight
frusion,fruit,fusion,knight
fugly,fuck,ugly,knight
galumph,gallop,triumph,knight
garriage,gay,marriage,knight
gaydar,gay,radar,knight
gaysian,gay,asian,knight
geep,goat,sheep,knight
gerrymander,gerry,salamander,knight
ginormous,gigantic,enormous,knight
glenbard,glen,lombard,knight
glenbrook,glenview,northbrook,knight
grasscycle,grass,recycle,knight
groupon,group,coupon,knight
grue,green,blue,knight
guesstimate,guess,estimate,knight
guitard,guitar,retard,knight
guyliner,guy,eyeliner,knight
gypish,gypsy,cheapish,knight
hackintosh,hack,macintosh,knight
hairigami,hair,origami,knight
hasbian,hasbeen,lesbian,knight
hebrish,hebrew,english,knight
herstory,her,history,knight
hinglish,hindi,english,knight
hipsturbia,hipster,suburbia,knight
homocaust,homosexual,holocaust,knight
hotlanta,hot,atlanta,knight
humanure,human,manure,knight
hunglish,hungarian,english,knight
ideanomics,idea,economics,knight
illiana,illinois,indiana,knight
imagineering,imagination,engineering,knight
ineptitude,inept,aptitude,knight
infomercial,information,commercial,knight
infortainment,information,entertainment,knight
insinnuendo,insinuate,innuendo,knight
instrumedley,instrument,medley,knight
intellicentre,intelligent,centre,knight
interrobang,interrogative,bang,knight
intertwingle,intertwine,intermingle,knight
irregardless,irrespective,regardless,knight
japlish,japanese,english,knight
jazzercise,jazz,exercise,knight
jcrewpon,jcrew,coupon,knight
jeggings,jeans,leggings,knight
jeopard,jaguar,leopard,knight
joggling,jogging,juggling,knight
jorts,jeans,shorts,knight
joygasm,joy,orgasm,knight
juneteenth,june,nineteenth,knight
jython,java,python,knight
kentuckiana,kentucky,indiana,knight
keytar,keyboard,guitar,knight
kidult,kid,adult,knight
kollywood,kodambakkam,hollywood,knight
konglish,korean,english,knight
kripkenstein,kripke,wittgenstein,knight
labradoodle,labrador,poodle,knight
liger,lion,tiger,knight
limon,lime,lemon,knight
linner,lunch,dinner,knight
linux,linus,unix,knight
literotica,literature,erotica,knight
lupper,lunch,supper,knight
machinema,machine,cinema,knight
malaysia,malaya,asia,knight
manbag,man,handbag,knight
manglish,malaysian,english,knight
manimal,man,animal,knight
manscaping,man,landscaping,knight
marchitecture,marketing,architecture,knight
masstige,mass,prestige,knight
mathlete,math,athlete,knight
mattergy,matter,energy,knight
meld,melt,weld,knight
melodyssey,melodic,odyssey,knight
meowse,meow,mouse,knight
merkozy,merkel,sarkozy,knight
metrosexual,metropolitan,heterosexual,knight
mexicali,mexico,cali,knight
michiana,michigan,indiana,knight
mimbo,male,bimbo,knight
mimsy,miserable,flimsy,knight
minja,midget,ninja,knight
mizzle,mist,drizzle,knight
mobisode,mobile,episode,knight
mobload,mobile,upload,knight
mocker,mod,rocker,knight
mockney,mock,cockney,knight
mocktail,mock,cocktail,knight
mockumentary,mock,documentary,knight
modem,modulator,demodulator,knight
mog,man,dog,knight
moobs,man,boobs,knight
moped,motor,pedal,knight
mornoon,morning,noon,knight
motel,motor,hotel,knight
mothic,mod,gothic,knight
mozilla,mosaic,godzilla,knight
multiplex,multiple,complex,knight
murderotica,murder,erotica,knight
murse,man,purse,knight
naco,nacho,taco,knight
narcoterrorism,narcotics,terrorism,knight
nastronaut,nasa,astronaut,knight
neither,not,either,knight
netiquette,net,etiquette,knight
netizen,net,citizen,knight
netocracy,net,aristocracy,knight
newrun,new,rerun,knight
nicorette,nicotine,cigarette,knight
ninjelephant,ninja,elephant,knight
nintendogs,nintendo,dogs,knight
nintendonitis,nintendo,tendonitis,knight
nontroversy,non,controversy,knight
nuyorican,newyork,puertorican,knight
odditorium,odd,auditorium,knight
opinuendo,opinion,innuendo,knight
pallywood,palestinian,hollywood,knight
parkade,parking,arcade,knight
pastafarian,pasta,rastafarian,knight
philantrophy,philanthropy,trophy,knight
phoneme,phonetics,scheme,knight
pictionary,picture,dictionary,knight
pinterest,pin,interest,knight
plarn,plastic,yarn,knight
pleather,plastic,leather,knight
plytanium,plywood,titanium,knight
podcast,pod,broadcast,knight
pornograffiti,pornography,graffiti,knight
portanol,portuguese,espanol,knight
posistor,positive,thermistor,knight
prangry,pregnant,angry,knight
prequel,pre,sequel,knight
prevacid,prevent,acid,knight
privoxy,private,proxy,knight
prosumer,producer,consumer,knight
quebexican,quebecois,mexican,knight
radome,radar,dome,knight
reaganomics,reagan,economics,knight
religulous,religion,ridiculous,knight
ringxiety,ring,anxiety,knight
rockumentary,rock,documentary,knight
rogernomics,roger,economics,knight
rubinomics,rubin,economics,knight
ruthanasia,ruth,euthanasia,knight
sacrilicious,sacrilege,delicious,knight
satisfice,satisfactory,suffice,knight
satisfries,satisfies,fries,knight
scanlation,scan,translation,knight
schnoodle,schnauzer,poodle,knight
screenager,screen,teenager,knight
scromlette,scrambled,omelette,knight
seussical,seuss,musical,knight
sexcapade,sex,escapade,knight
sexercise,sex,exercise,knight
sexile,sex,exile,knight
sexpert,sex,expert,knight
sexploitation,sex,exploitation,knight
sexplosion,sex,explosion,knight
sexting,sex,texting,knight
shart,shit,fart,knight
sheeple,sheep,people,knight
shockumentary,shock,documentary,knight
silastic,silicone,plastic,knight
singlish,singaporean,english,knight
skevanston,skokie,evanston,knight
skort,skirt,short,knight
skyjack,sky,hijack,knight
slanguage,slang,language,knight
slurve,slider,curve,knight
smark,smart,mark,knight
smaze,smoke,haze,knight
smelloscope,smell,telescope,knight
smog,smoke,fog,knight
snark,snide,remark,knight
snatiation,sneeze,satiation,knight
sony,sonus,sonny,knight
soundscape,sound,landscape,knight
spamalot,spam,camelot,knight
spamdexing,spam,indexing,knight
spanglish,spanish,english,knight
spectralert,spectral,alert,knight
spife,spoon,knife,knight
sporgery,spam,forgery,knight
spork,spoon,fork,knight
squiggle,squirm,wiggle,knight
squircle,square,circle,knight
stalkerazzi,stalker,paperazzi,knight
starchitect,star,architect,knight
staycation,stay,vacation,knight
streetball,street,basketball,knight
strunk,stoned,drunk,knight
swahinglish,swahili,english,knight
swapportunity,swap,opportunity,knight
swaption,swap,option,knight
swenglish,swedish,english,knight
taglish,tagalog,english,knight
tangelo,tangerine,pomelo,knight
tanglish,tamil,english,knight
tanorexia,tan,anorexia,knight
taxachusetts,tax,massachusetts,knight
tehrangeles,tehran,losangeles,knight
telematics,telecommunications,informatics,knight
televangelist,television,evangelist,knight
thermistor,thermal,resistor,knight
threepeat,three,repeat,knight
tigon,tiger,lion,knight
tofurkey,tofu,turkey,knight
tomacco,tomato,tobacco,knight
toonie,two,loonie,knight
transceiver,transmitter,receiver,knight
transistor,transfer,resistor,knight
transponder,transmitter,responder,knight
travelocity,travel,velocity,knight
treap,tree,heap,knight
triticale,triticum,secale,knight
troopergate,trooper,watergate,knight
twincest,twin,incest,knight
urinalysis,urine,analysis,knight
verizon,veritas,horizon,knight
vermonster,vermont,monster,knight
vietnamasian,vietnamese,asian,knight
vitamer,vitamin,isomer,knight
vitamin,vital,amine,knight
vlog,video,blog,knight
vomitrocious,vomit,atrocious,knight
voxel,volume,pixel,knight
wallaroo,wallaby,kangaroo,knight
waluigi,warui,luigi,knight
wario,warui,mario,knight
webcast,web,broadcast,knight
webinar,web,seminar,knight
webisode,web,episode,knight
wenglish,welsh,english,knight
wexis,westlaw,lexisnexis,knight
wholphin,whale,dolphin,knight
wigger,white,nigger,knight
wikiality,wiki,reality,knight
wikipedia,wiki,encyclopedia,knight
wikiquette,wikipedia,etiquette,knight
wiktionary,wiki,dictionary,knight
wintel,windows,intel,knight
wonkavator,wonka,elevator,knight
woon,wooden,spoon,knight
workaholic,work,alcoholic,knight
yestergay,yesterday,gay,knight
yinglish,yiddish,english,knight
yogalates,yoga,pilates,knight
youthanasia,youth,euthanasia,knight
yugopotamia,yugoslavia,mesopotamia,knight
zeitghost,zeitgeist,ghost,knight
zonkey,zebra,donkey,knight
zony,zebra,pony,knight
zorse,zebra,horse,knight
